primer	796	CGCGGTTTACAAGGCTTCCG	866	CGAACGACCCGGGATTTCAG	67.004	67.044	71	null
primer	4542	TTGCACGCGACTCCCTCAAC	4595	ACGTCAGAGCGGACATTGCG	67.0	67.005	54	null
primer	1510	TGCTGACGACATCGGGCTTC	3036	GGTTGTGCATCGGTTCGGTG	67.025	66.995	1527	null
primer	1698	CCATGCGTTAGTTCGTGGCG	2652	GTTTCGTAGCCGCCGGTTTG	66.946	66.933	955	null
primer	1435	TGTCGAACGTTGGCTCTGGC	3405	CCGAAACACGCGCATTCATC	67.0	66.998	1971	null
primer	241	AGCCCGCCACAACAGCTTTC	483	GCGATTTTGACACCCCGTCC	66.988	67.003	243	null
primer	358	TGTCAGGCTTTGTCGCCGTC	1358	CACGATTCCCCGGTTCGTTC	67.0	66.969	1001	null
primer	46	GCCTTGCGATTGGAAAACCG	1176	CCACGTGTCACCATGATGCG	66.951	67.013	1131	null
primer	719	GCCCCCGACATCGTCAAAAC	4149	TGCAGTGCCAGAGGGTTTGC	67.003	67.0	3431	null
primer	3078	TTATCTCTTCGGCGGCGAGC	4973	CACTGGCGCAATGCGAAAAC	66.983	67.083	1896	null
primer	3939	TCCTGGCATCACAGCTTCGG	4934	GTCCCTGGCCGATCATTTGG	66.99	66.993	996	null
primer	1282	TGTCTCACGAAAGGCACGGC	4828	ACATGCTCCTTTCGAGGGCG	67.0	66.979	3547	null
primer	1641	ATCCAGCGCGACAACGTCAG	1971	TTCAAGACGGGCGTGACTGC	67.005	67.0	331	null
primer	1235	CGATTCCCACACAACACGCC	3346	CCATCAGCGCATTTGGCAAC	66.995	66.998	2112	null
primer	2876	CGGGCACCATGATTCGTGAC	2973	CCGGTATTGATTCGCCCAGC	67.02	66.873	98	null
primer	2855	GGTCGGATTATCAAGCGCCG	3263	TCTTCCGCCTGTGAACGTCG	66.978	66.965	409	null
primer	218	TGTAGCCCCCAATTACGCCG	960	GAATTACTTCCGGCGTGCGG	67.125	66.955	743	null
primer	3328	TCGTGAAGGAGCCGAAAGGG	3866	TCGCCTGATGGACCAGCATC	66.941	66.935	539	null
primer	804	AGCGCGGTTGACACTGTTCG	2170	TTGTGAGTGACGCTGCGTGG	66.98	66.992	1367	null
primer	845	TCAACGGGCGTCAGTTGCTC	3279	ACCACTGCATGCGAAGCCTG	67.0	67.005	2435	null
primer	222	GTCCTTGCCAATGAACGGGG	3938	TTCTCGGTGAGCACGCAACC	66.969	67.0	3717	null
primer	387	TCGCAGCCAAGGACATCGAC	1070	AGGCCGGCTCTGCATTGTTC	67.025	67.012	684	null
primer	1471	GCAGATTGGTCCGGGATTGG	3255	TCGTCTTCGTCAGCGATGGG	66.993	66.99	1785	null
primer	3100	TTCACTCCCTTGGAAGCCGC	4180	TGTTGACTTCGCAGCCCGTC	66.974	67.0	1081	null
primer	2558	TCTTGGCCTTCGAACTGGGC	3544	CCGTTTCCCAAAGTGGACGC	66.974	67.053	987	null
primer	708	TGGCAGTGCCCAGTTTCTGC	4889	GAGGCATCGCCGATTTACGG	67.0	66.978	4182	null
primer	1240	TGAGGCACGGCAATCAGAGG	1900	AATGACTCGAGCGGTGTGCG	66.99	67.005	661	null
primer	1830	TTTGGCAGCGTGTCCCTCAG	4673	TCCGATCGAGACAGCAACGG	66.965	66.99	2844	null
primer	492	CGCCAGTTTTCGGGTTAGCG	1053	AAGTCACGCACGTTGCCAGC	67.004	67.014	562	null
primer	2055	TCCCGTTCCGATCGCTTCTC	2424	TTGCCGACAGTGGCGTTCTC	66.998	67.0	370	null
primer	3264	AGAAGCAACGGTTCGGGCTG	4229	AAGCCTCTCGATGTTGGGCG	66.955	66.979	966	null
primer	1269	GGGCAATCATAGCGGATGGC	2227	AATCCGGAGCGCGTCTTCAC	66.928	67.012	959	null
primer	2992	GCTGTTTGCATTGGATGCCG	4652	ATCGATGCCTTCTCCTGGCG	66.998	67.003	1661	null
primer	916	CCCTCATGCGGTGTTTGGTG	1536	TTGTGCCCTTGCTCGTCGTC	66.96	67.0	621	null
primer	2367	TCTGTGCTCCGCGTTTCACC	4149	AACAGCGGCGGATTCTCAGG	67.0	66.979	1783	null
primer	4041	TGCGAACTCTGCATAGCGCC	4461	TTGCCACCTCGGAGGAAAGC	67.008	66.974	421	null
primer	2423	TCTCGGAGGCGACCGAAATC	2541	GACGCACCCGGTGTGAAATG	66.998	66.995	119	null
primer	1355	TTGCGCGAGGTCACTCAACC	3983	TTTGCACCTGTCGAGGACGC	67.0	67.0	2629	null
primer	2660	AGCAGGCGTTCATTCCAGCC	3395	TGAATGCTACTGCCGCTCGC	67.012	67.008	736	null
primer	218	TGTGGCGGAAAGCGTCACTC	1852	CCCCCTCAAATGATGGCGAC	67.0	66.993	1635	null
primer	283	CCACCATCAATGCGACCGAC	561	CGGATTGTGGGGATTCCAGC	67.02	66.993	279	null
primer	1113	CGCTCATTTCCGCATGATGG	1487	GTGGCGTGTCCAATTGTCCG	66.989	66.995	375	null
primer	385	TTGGACCTCGCGACATCAGC	776	AGATGCGGAAAGTGGGCTCG	67.025	66.979	392	null
primer	990	CGTGGATGAATTCCCCAGGC	1490	TTTCTGTCCAGCGTGCCGTC	66.993	67.0	501	null
primer	4701	TCCCTCGCAGCTCATGTTGG	4911	AACGGGCTCCAACGCATCTC	66.99	66.903	211	null
primer	450	GGGGAATCAATGAGGCCGTG	3385	GATCAACCGCCCGTCCAAAC	66.993	67.003	2936	null
primer	903	ACTGCGCGTTGTCGACTTGG	4808	CAAGGGCAACGATAAGCGCC	66.98	67.059	3906	null
primer	1270	ATGCCACGCATCGAGACGAC	1523	ATTTGCGCTCTCCACTCGGG	66.95	66.979	254	null
primer	1069	ACACATCGAGAAGCGGTGCG	1315	CTTCCCAATCAACTGGCGGG	67.005	67.044	247	null
primer	1264	CGTTAGCATGTTGGCGTGGC	3037	AAGGCGCCAACTGCCAGAAC	66.979	66.988	1774	null
primer	958	AGCCGGAAAACTGCTGGTGC	2846	ACTGGATGTTCGCGTCAGCG	66.988	67.005	1889	null
primer	3289	ACCAAGAAGCGCCCAGTTGC	3673	TGCGACTGCTCCACGTTTCC	66.988	67.0	385	null
primer	963	GCCACGCCCGATACTTTTGC	1224	AACAGAGCCGCTGAATGGGC	66.987	67.012	262	null
primer	2344	ACAACAAAGAGGCAGGCGGC	3913	GAGCGGCGGGCAAATGTATC	66.988	67.01	1570	null
primer	2651	ATCGATGCCTCTTCAGGCGG	4526	TGAAGGGAAAGTCCGCAGCC	67.003	66.974	1876	null
primer	1002	TGGCCACCTTTGCTCTGTGC	3661	TGTGGAGCGTCGCTTGAACC	67.0	67.0	2660	null
primer	222	CAACATGCCACGAACCGGAC	4479	TGTGCGCCGACCTTCAACTC	66.995	67.0	4258	null
primer	2893	TTGAGTCAAGCCGTGTCGCC	4867	ACGACTGACGCAGATTGCCG	67.0	67.005	1975	null
primer	3041	AGGCGTCGCTTTGACGTTCC	4570	AGCCGGGCAAAGCATCTGTC	66.988	67.012	1530	null
primer	1432	TCCTTCACATGGAGCCAGCG	2496	TGGAGCTGACCAATGCCTCG	66.99	66.99	1065	null
primer	82	GTTTGCACGTCGAACCACCG	3482	TCGACTCAACAAGGCACCGC	67.083	67.0	3401	null
primer	4102	AGCACAAATCCCGGCTCTCG	4846	AGCCTTGTTTGCCTCCAGCG	66.979	67.062	745	null
primer	1341	CATTTGCAACAAGCCTGCCG	2319	TGTTGGCTGCCTGCACTTCC	67.05	67.0	979	null
primer	3366	GACGCCCGCTAATGAATCCG	4380	AGCACATTGAGCTGCCGTGG	66.978	67.005	1015	null
primer	920	AGCCTGAAAAGCGGCCACAC	3724	GTGAACACGGCATCCCATCG	66.988	67.02	2805	null
primer	1493	CGGGCAATTGTGGTGTGACC	2201	ACGCTGTTTTGCCCGGAGAG	66.881	66.955	709	null
primer	722	GCCGGAACGGGTTGTTTGTC	910	GCGTTAAGCCGGAATGTGGC	66.979	66.987	189	null
primer	2981	GCGCACCGCCATAATCACTG	3868	TCGGGCTCGTGCAATCTGAG	67.003	67.104	888	null
primer	1885	TCGTTCGCAACGCTTTCTGC	4246	AGCTAACGAAGCGCGGGTTG	66.979	66.839	2362	null
primer	3043	AGCATTCCGAGGCTTCCGTG	4955	TTCTTCGTGCTCGGTGTGCC	66.979	67.0	1913	null
primer	1021	GCCGTCGCGAAAACCGTTAC	2647	AGAAGCCGGCACAGATTCCG	66.964	66.979	1627	null
primer	2855	TGTGGGGCAAGCAGAGTTGC	3004	ACACACGCCTCGATCTTGCG	67.0	67.005	150	null
primer	2753	AAATCTGGCTGGCCTCGCAC	4162	ATGCCGAACCTTGCTCAGCC	67.012	67.012	1410	null
primer	1358	CCAATTCATGCCCTCCCGTC	4034	CATGAAACATGCGCAAGCCC	66.993	66.998	2677	null
primer	1989	TCGTTCGCAGGGAGCAACAC	2632	ATGCGGTGTGCAGCGACTTC	67.0	67.04	644	null
primer	460	GGCAACGGCGAATAACTGCC	2031	TGGACTGGATGCTGCTTCGG	66.987	66.99	1572	null
primer	2515	AGTTGTTGCTGCACGCCGAC	3878	CACATGGAATGGCTCCGTGG	67.014	66.985	1364	null
primer	565	CATGATCCCCTGCGTTGGTG	4763	CAATCCCTGCGGGTTTGAGG	66.985	67.044	4199	null
primer	966	GGTGGATGGAGGCAAATCGG	2546	TCCTTGTCACGGCGTTCGAG	66.993	66.965	1581	null
primer	636	TTTCCGGGCCAATATCACCG	3938	TCTTGCGCTCACCAGTTGGG	67.041	66.965	3303	null
primer	3668	GCGAACGTCAAATGGGGACC	4740	TTTCGTCAGGACAGCGTGGC	67.003	67.0	1073	null
primer	2364	AAGCCTTCACAACCGCAGCC	2970	TGATCGCAGCAAGGGGACTG	66.988	66.99	607	null
primer	2584	GCACGGGATCGCTTATTGGC	4188	GACGTTTAAAGCGCGTGGGC	67.01	67.067	1605	null
primer	623	AACGCTCTTGTTGCAGCCCC	4527	GCGTCACCCGATTGGTTTCC	66.988	67.003	3905	null
primer	1715	CTCGTAAAAGGGCGCGTTGG	2458	GGAACGCCGTGGATCAAACC	67.004	67.003	744	null
primer	1128	GAAGATATCCCGCAACGCCG	2173	TGCAAATCTTGCGCCTCTGC	66.978	67.003	1046	null
primer	3597	GATCGAACCGCAAATTCGGC	3646	CATGGTGGGTTTGCACGGAG	67.006	66.96	50	null
primer	2951	ACTGTTGCGCGGCTCTGTTG	3342	ACCTTCGCAAACGCGAGGAC	67.092	66.988	392	null
primer	402	GGGATCCGCGGCACAATAAC	1713	CATGATGTTTGCGACGCACG	66.799	66.991	1312	null
primer	1635	CGATCGACCGGACCCAAAAC	2104	CATGTTCAAATCGCTGCGGG	66.969	66.965	470	null
primer	3664	GCGCATTTGTTTGTGACGGC	3869	GCACGTGGGCATTGTGTTCC	67.008	67.03	206	null
primer	1543	TCAGGGGCATTGCTCTGTCG	2245	ATCCCAAGCAGCACCGAAGC	66.99	67.012	703	null
primer	1324	ATGAGGAGAAACGGGCGCTG	3636	TGCTTGGCCAACCTCTGACG	66.979	66.965	2313	null
primer	3039	ACGGAAAGCGCGAACACCTC	3264	ATGTGCGTCTCGTTCGCTGG	66.988	67.005	226	null
primer	1341	GTTCATTGGGCCTTGGTGCC	3161	ACACCTTGTGTCGCGAAGCG	67.003	66.98	1821	null
primer	285	GGATGGGAATTCGTCACGCC	1928	CATACGCGCTTGGCCCTTTC	67.027	67.059	1644	null
primer	1811	AGCCGGATCTCATCGGCAAG	3478	TGTGCCTTCGTCAGTTCGGC	67.003	67.0	1668	null
primer	2174	GCGCATGCATGGTACGAAGG	2385	GCGGTCGGGACAAATCAACC	67.003	67.003	212	null
primer	842	TCCGGATCGTGCAGTCTTCG	895	TGTTCATGCGTCTCCTCGCC	66.99	67.025	54	null
primer	1629	GCCGCCGCTTCTTAATGTGG	3334	TGGCACGAACGCAGACACTG	67.059	66.992	1706	null
primer	2163	TGTTGCTGGGCTTGGTGAGC	4841	GATTAATCGTGAGCGCGGGG	67.0	66.978	2679	null
primer	1262	CGATCTGGGCCCATCATTCC	3801	CATGATGTGGGGGTTGCGAG	67.018	66.985	2540	null
primer	23	GTTTCTGGGGCCAACCGATG	4830	CGACGCAAATACCCACTGCG	66.969	66.946	4808	null
primer	776	CGCAAGCATACCATCGGCAC	3417	TTCGTCGCGTAAGCAGCCAG	67.003	66.951	2642	null
primer	975	TCAAGGACGAGATGACGCCG	1844	CATATGGCAGGCAGCGGATG	66.99	66.994	870	null
primer	2937	GCACCCGCGTGTAATGCTTG	4679	TTGGCGTCCTGACAACGAGC	66.979	67.0	1743	null
primer	1799	ACCCTGCGAGCCGATTTCTG	3467	GGAAGGTGGCGAATTGGTGG	66.979	66.969	1669	null
primer	464	GGAAATCCGGGGCCTGAATC	4774	AGAGGCATGGCAAGTTCGGC	67.001	67.012	4311	null
primer	2926	TTCGGAGCCAGTTTGGAGCC	3338	GCACCGAATTCCGACATCCC	66.974	67.027	413	null
primer	1454	AACAGCGTGCCGACAGCATC	2431	TTTCCTTCGGTGAGCCAGCC	67.04	66.974	978	null
primer	177	TTGGATGCTCGTGAGCCCAG	4067	GTTCATGCAAAGGCCCACCC	66.99	67.003	3891	null
primer	1856	AAGTCATGCTCACGCGCACC	2222	TGGCCTCATGACCGAGCAAG	67.04	66.99	367	null
primer	2124	ATCCTCGACGCCTCGCAAAC	2313	TGGCGCGCTAAGCAGTTCAG	67.012	67.058	190	null
primer	2588	GGTTTGCCCACTGTTTCCCG	3713	GGGTTCAATTGTCGTCGGGC	66.946	67.003	1126	null
primer	3282	CAGTCGCCATTATGCACCGC	3697	CGCCAGCTAATGTTGGCACG	67.003	67.054	416	null
primer	1551	GCAAATGGCTGAATGTGGCG	2413	GGCCCACGCCTTTCAAACAC	66.998	67.086	863	null
primer	1762	AGCACGGCTTCGATTGAGGG	2073	TCGGCAGTTCATCGGTCGAG	66.979	66.99	312	null
primer	2090	CGGCGTTGTTCCCGCTAATC	3824	CCGCGTGTTTTCCCAAGTCC	66.955	67.053	1735	null
primer	615	CAGACAAATTGCATCCGCCG	1458	CGCGTCATAAGCATGGGTCG	66.965	66.97	844	null
primer	1677	CACGCGAAAAGATGCAACCG	2280	AATGCAGCTGTCTGCACCCG	67.05	67.005	604	null
